name,lat,long,t_start,t_end
Bac2Basics presents Old Skool Mayhem LIVE in the capital!,55.95334,-3.18827,2017-05-06T20:00:00+01:00,2017-05-07T14:00:00+01:00
Afternoon Tea Tour,55.95334,-3.18827,2017-05-06T12:00:00+01:00,
Afternoon Tea Tour,55.95334,-3.18827,2017-05-06T15:00:00+01:00,
Afternoon Tea Tour,55.95334,-3.18827,2017-05-07T12:00:00+01:00,
Afternoon Tea Tour,55.95334,-3.18827,2017-05-07T15:00:00+01:00,
Afternoon Tea Tour,55.95334,-3.18827,2017-05-08T12:00:00+01:00,
Afternoon Tea Tour,55.95334,-3.18827,2017-05-08T15:00:00+01:00,
Afternoon Tea Tour,55.95334,-3.18827,2017-05-09T12:00:00+01:00,
Afternoon Tea Tour,55.95334,-3.18827,2017-05-09T15:00:00+01:00,
Afternoon Tea Tour,55.95334,-3.18827,2017-05-10T12:00:00+01:00,
Afternoon Tea Tour,55.95334,-3.18827,2017-05-10T15:00:00+01:00,
Afternoon Tea Tour,55.95334,-3.18827,2017-05-11T12:00:00+01:00,
Afternoon Tea Tour,55.95334,-3.18827,2017-05-11T15:00:00+01:00,
Afternoon Tea Tour,55.95334,-3.18827,2017-05-12T12:00:00+01:00,
Afternoon Tea Tour,55.95334,-3.18827,2017-05-12T15:00:00+01:00,
Afternoon Tea Tour,55.95334,-3.18827,2017-05-13T12:00:00+01:00,
Afternoon Tea Tour,55.95334,-3.18827,2017-05-13T15:00:00+01:00,
Afternoon Tea Tour,55.95334,-3.18827,2017-05-14T12:00:00+01:00,
Afternoon Tea Tour,55.95334,-3.18827,2017-05-14T15:00:00+01:00,
Afternoon Tea Tour,55.95334,-3.18827,2017-05-15T12:00:00+01:00,
Afternoon Tea Tour,55.95334,-3.18827,2017-05-15T15:00:00+01:00,
Afternoon Tea Tour,55.95334,-3.18827,2017-05-16T12:00:00+01:00,
Afternoon Tea Tour,55.95334,-3.18827,2017-05-16T15:00:00+01:00,
Afternoon Tea Tour,55.95334,-3.18827,2017-05-17T12:00:00+01:00,
Afternoon Tea Tour,55.95334,-3.18827,2017-05-17T15:00:00+01:00,
Afternoon Tea Tour,55.95334,-3.18827,2017-05-18T12:00:00+01:00,
Afternoon Tea Tour,55.95334,-3.18827,2017-05-18T15:00:00+01:00,
Afternoon Tea Tour,55.95334,-3.18827,2017-05-19T12:00:00+01:00,
Afternoon Tea Tour,55.95334,-3.18827,2017-05-19T15:00:00+01:00,
Gourmet Burger Tour,55.95334,-3.18827,2017-05-06T17:30:00+01:00,
Gourmet Burger Tour,55.95334,-3.18827,2017-05-07T17:30:00+01:00,
Gourmet Burger Tour,55.95334,-3.18827,2017-05-08T17:30:00+01:00,
Gourmet Burger Tour,55.95334,-3.18827,2017-05-09T17:30:00+01:00,
Gourmet Burger Tour,55.95334,-3.18827,2017-05-10T17:30:00+01:00,
Gourmet Burger Tour,55.95334,-3.18827,2017-05-11T17:30:00+01:00,
Gourmet Burger Tour,55.95334,-3.18827,2017-05-12T17:30:00+01:00,
Gourmet Burger Tour,55.95334,-3.18827,2017-05-13T17:30:00+01:00,
Gourmet Burger Tour,55.95334,-3.18827,2017-05-14T17:30:00+01:00,
Gourmet Burger Tour,55.95334,-3.18827,2017-05-15T17:30:00+01:00,
Gourmet Burger Tour,55.95334,-3.18827,2017-05-16T17:30:00+01:00,
Gourmet Burger Tour,55.95334,-3.18827,2017-05-17T17:30:00+01:00,
Gourmet Burger Tour,55.95334,-3.18827,2017-05-18T17:30:00+01:00,
Gourmet Burger Tour,55.95334,-3.18827,2017-05-19T17:30:00+01:00,
Waverley Market ,55.95239,-3.18823,2017-05-12T11:00:00+01:00,2017-05-12T19:00:00+01:00
Waverley Market ,55.95239,-3.18823,2017-05-19T11:00:00+01:00,2017-05-19T19:00:00+01:00
Blues Dancing Classes,55.954,-3.18795,2017-05-09T19:00:00+01:00,2017-05-09T23:00:00+01:00
Blues Dancing Classes,55.954,-3.18795,2017-05-16T19:00:00+01:00,2017-05-16T23:00:00+01:00
Scribes and Royal Authority: Scotland’s Charters 1100-1250,55.95332,-3.18987,2017-05-06T09:00:00+01:00,
Scribes and Royal Authority: Scotland’s Charters 1100-1250,55.95332,-3.18987,2017-05-07T09:00:00+01:00,
Scribes and Royal Authority: Scotland’s Charters 1100-1250,55.95332,-3.18987,2017-05-08T09:00:00+01:00,
Scribes and Royal Authority: Scotland’s Charters 1100-1250,55.95332,-3.18987,2017-05-09T09:00:00+01:00,
Scribes and Royal Authority: Scotland’s Charters 1100-1250,55.95332,-3.18987,2017-05-10T09:00:00+01:00,
Scribes and Royal Authority: Scotland’s Charters 1100-1250,55.95332,-3.18987,2017-05-11T09:00:00+01:00,
Scribes and Royal Authority: Scotland’s Charters 1100-1250,55.95332,-3.18987,2017-05-12T09:00:00+01:00,
Scribes and Royal Authority: Scotland’s Charters 1100-1250,55.95332,-3.18987,2017-05-13T09:00:00+01:00,
Scribes and Royal Authority: Scotland’s Charters 1100-1250,55.95332,-3.18987,2017-05-14T09:00:00+01:00,
Scribes and Royal Authority: Scotland’s Charters 1100-1250,55.95332,-3.18987,2017-05-15T09:00:00+01:00,
Scribes and Royal Authority: Scotland’s Charters 1100-1250,55.95332,-3.18987,2017-05-16T09:00:00+01:00,
Scribes and Royal Authority: Scotland’s Charters 1100-1250,55.95332,-3.18987,2017-05-17T09:00:00+01:00,
Am I Me? Film Project,55.951,-3.18875,2017-05-11T18:00:00+01:00,2017-05-11T20:00:00+01:00
Mark Wallinger: Mark,55.951,-3.18875,2017-05-06T11:00:00+01:00,2017-05-06T18:00:00+01:00
Mark Wallinger: Mark,55.951,-3.18875,2017-05-07T11:00:00+01:00,2017-05-07T17:00:00+01:00
Mark Wallinger: Mark,55.951,-3.18875,2017-05-08T11:00:00+01:00,2017-05-08T18:00:00+01:00
Mark Wallinger: Mark,55.951,-3.18875,2017-05-09T11:00:00+01:00,2017-05-09T18:00:00+01:00
Mark Wallinger: Mark,55.951,-3.18875,2017-05-10T11:00:00+01:00,2017-05-10T18:00:00+01:00
Mark Wallinger: Mark,55.951,-3.18875,2017-05-11T11:00:00+01:00,2017-05-11T18:00:00+01:00
Mark Wallinger: Mark,55.951,-3.18875,2017-05-12T11:00:00+01:00,2017-05-12T18:00:00+01:00
Mark Wallinger: Mark,55.951,-3.18875,2017-05-13T11:00:00+01:00,2017-05-13T18:00:00+01:00
Mark Wallinger: Mark,55.951,-3.18875,2017-05-14T11:00:00+01:00,2017-05-14T17:00:00+01:00
Mark Wallinger: Mark,55.951,-3.18875,2017-05-15T11:00:00+01:00,2017-05-15T18:00:00+01:00
Mark Wallinger: Mark,55.951,-3.18875,2017-05-16T11:00:00+01:00,2017-05-16T18:00:00+01:00
Mark Wallinger: Mark,55.951,-3.18875,2017-05-17T11:00:00+01:00,2017-05-17T18:00:00+01:00
Mark Wallinger: Mark,55.951,-3.18875,2017-05-18T11:00:00+01:00,2017-05-18T18:00:00+01:00
Mark Wallinger: Mark,55.951,-3.18875,2017-05-19T11:00:00+01:00,2017-05-19T18:00:00+01:00
The Fruitmarket Gallery Book Group,55.951,-3.18875,2017-05-07T10:00:00+01:00,2017-05-07T11:00:00+01:00
The Gift And Tiger Moth Tales In Edinburgh,55.9538,-3.19069,2017-05-13T19:00:00+01:00,
"Paper Trail: Drawings, Watercolour, Prints",55.95094,-3.19017,2017-05-06T10:00:00+01:00,2017-05-06T17:00:00+01:00
"Paper Trail: Drawings, Watercolour, Prints",55.95094,-3.19017,2017-05-07T12:00:00+01:00,2017-05-07T17:00:00+01:00
"Paper Trail: Drawings, Watercolour, Prints",55.95094,-3.19017,2017-05-08T10:00:00+01:00,2017-05-08T17:00:00+01:00
"Paper Trail: Drawings, Watercolour, Prints",55.95094,-3.19017,2017-05-09T10:00:00+01:00,2017-05-09T17:00:00+01:00
"Paper Trail: Drawings, Watercolour, Prints",55.95094,-3.19017,2017-05-10T10:00:00+01:00,2017-05-10T17:00:00+01:00
"Paper Trail: Drawings, Watercolour, Prints",55.95094,-3.19017,2017-05-11T10:00:00+01:00,2017-05-11T17:00:00+01:00
"Paper Trail: Drawings, Watercolour, Prints",55.95094,-3.19017,2017-05-12T10:00:00+01:00,2017-05-12T17:00:00+01:00
"Paper Trail: Drawings, Watercolour, Prints",55.95094,-3.19017,2017-05-13T10:00:00+01:00,2017-05-13T17:00:00+01:00
"Paper Trail: Drawings, Watercolour, Prints",55.95094,-3.19017,2017-05-14T12:00:00+01:00,2017-05-14T17:00:00+01:00
"Paper Trail: Drawings, Watercolour, Prints",55.95094,-3.19017,2017-05-15T10:00:00+01:00,2017-05-15T17:00:00+01:00
"Paper Trail: Drawings, Watercolour, Prints",55.95094,-3.19017,2017-05-16T10:00:00+01:00,2017-05-16T17:00:00+01:00
"Paper Trail: Drawings, Watercolour, Prints",55.95094,-3.19017,2017-05-17T10:00:00+01:00,2017-05-17T17:00:00+01:00
"Paper Trail: Drawings, Watercolour, Prints",55.95094,-3.19017,2017-05-18T10:00:00+01:00,2017-05-18T17:00:00+01:00
"Paper Trail: Drawings, Watercolour, Prints",55.95094,-3.19017,2017-05-19T10:00:00+01:00,2017-05-19T17:00:00+01:00
TradFest Edinburgh • Dùn Èideann,55.95018,-3.18772,2017-05-06T00:00:00+01:00,
TradFest Edinburgh • Dùn Èideann,55.95018,-3.18772,2017-05-07T00:00:00+01:00,
Ottoman Horizons,55.95018,-3.18772,2017-05-06T00:00:00+01:00,
Ottoman Horizons,55.95018,-3.18772,2017-05-07T00:00:00+01:00,
Ottoman Horizons,55.95018,-3.18772,2017-05-08T00:00:00+01:00,
Ottoman Horizons,55.95018,-3.18772,2017-05-09T00:00:00+01:00,
Ottoman Horizons,55.95018,-3.18772,2017-05-10T00:00:00+01:00,
Ottoman Horizons,55.95018,-3.18772,2017-05-11T00:00:00+01:00,
Ottoman Horizons,55.95018,-3.18772,2017-05-12T00:00:00+01:00,
Ottoman Horizons,55.95018,-3.18772,2017-05-13T00:00:00+01:00,
Ottoman Horizons,55.95018,-3.18772,2017-05-14T00:00:00+01:00,
Ottoman Horizons,55.95018,-3.18772,2017-05-15T00:00:00+01:00,
Ottoman Horizons,55.95018,-3.18772,2017-05-16T00:00:00+01:00,
Ottoman Horizons,55.95018,-3.18772,2017-05-17T00:00:00+01:00,
Ottoman Horizons,55.95018,-3.18772,2017-05-18T00:00:00+01:00,
Ottoman Horizons,55.95018,-3.18772,2017-05-19T00:00:00+01:00,
Witch Hunt,55.9511,-3.19077,2017-05-06T11:00:00+01:00,2017-05-06T19:00:00+01:00
Witch Hunt,55.9511,-3.19077,2017-05-07T11:00:00+01:00,2017-05-07T17:00:00+01:00
Witch Hunt,55.9511,-3.19077,2017-05-08T10:00:00+01:00,2017-05-08T17:00:00+01:00
Witch Hunt,55.9511,-3.19077,2017-05-09T10:00:00+01:00,2017-05-09T17:00:00+01:00
Witch Hunt,55.9511,-3.19077,2017-05-10T10:00:00+01:00,2017-05-10T17:00:00+01:00
Witch Hunt,55.9511,-3.19077,2017-05-11T10:00:00+01:00,2017-05-11T17:00:00+01:00
Witch Hunt,55.9511,-3.19077,2017-05-12T10:00:00+01:00,2017-05-12T17:00:00+01:00
Witch Hunt,55.9511,-3.19077,2017-05-13T11:00:00+01:00,2017-05-13T19:00:00+01:00
Witch Hunt,55.9511,-3.19077,2017-05-14T11:00:00+01:00,2017-05-14T17:00:00+01:00
Witch Hunt,55.9511,-3.19077,2017-05-15T10:00:00+01:00,2017-05-15T17:00:00+01:00
Witch Hunt,55.9511,-3.19077,2017-05-16T10:00:00+01:00,2017-05-16T17:00:00+01:00
Witch Hunt,55.9511,-3.19077,2017-05-17T10:00:00+01:00,2017-05-17T17:00:00+01:00
Witch Hunt,55.9511,-3.19077,2017-05-18T10:00:00+01:00,2017-05-18T17:00:00+01:00
Witch Hunt,55.9511,-3.19077,2017-05-19T10:00:00+01:00,2017-05-19T17:00:00+01:00
National Theatre Live: Who’s Afraid Of Virginia Woolf?,55.93542,-3.10329,2017-05-18T19:00:00+01:00,
National Theatre Live: Who’s Afraid Of Virginia Woolf?,55.94137,-3.21798,2017-05-18T19:00:00+01:00,
National Theatre Live: Who’s Afraid Of Virginia Woolf?,55.98063,-3.17777,2017-05-18T19:00:00+01:00,
National Theatre Live: Who’s Afraid Of Virginia Woolf?,55.95597,-3.18616,2017-05-18T19:00:00+01:00,
National Theatre Live: Who’s Afraid Of Virginia Woolf?,55.9154,-3.28489,2017-05-18T19:00:00+01:00,
National Theatre Live: Who’s Afraid Of Virginia Woolf?,55.9462,-3.20655,2017-05-18T19:00:00+01:00,
National Theatre Live: Who’s Afraid Of Virginia Woolf?,55.94219,-3.2036,2017-05-18T19:00:00+01:00,
Guardians of the Galaxy Vol 2,55.93542,-3.10329,2017-05-05T20:00:00+01:00,
Guardians of the Galaxy Vol 2,55.93542,-3.10329,2017-05-05T21:00:00+01:00,
Guardians of the Galaxy Vol 2,55.93542,-3.10329,2017-05-05T22:00:00+01:00,
Guardians of the Galaxy Vol 2,55.93542,-3.10329,2017-05-06T12:30:00+01:00,
Guardians of the Galaxy Vol 2,55.93542,-3.10329,2017-05-06T13:30:00+01:00,
Guardians of the Galaxy Vol 2,55.93542,-3.10329,2017-05-06T14:30:00+01:00,
Guardians of the Galaxy Vol 2,55.93542,-3.10329,2017-05-06T15:45:00+01:00,
Guardians of the Galaxy Vol 2,55.93542,-3.10329,2017-05-06T17:00:00+01:00,
Guardians of the Galaxy Vol 2,55.93542,-3.10329,2017-05-06T17:45:00+01:00,
Guardians of the Galaxy Vol 2,55.93542,-3.10329,2017-05-06T19:00:00+01:00,
Guardians of the Galaxy Vol 2,55.93542,-3.10329,2017-05-06T20:00:00+01:00,
Guardians of the Galaxy Vol 2,55.93542,-3.10329,2017-05-06T21:00:00+01:00,
Guardians of the Galaxy Vol 2,55.93542,-3.10329,2017-05-06T22:00:00+01:00,
Guardians of the Galaxy Vol 2,55.93542,-3.10329,2017-05-07T12:30:00+01:00,
Guardians of the Galaxy Vol 2,55.93542,-3.10329,2017-05-07T13:30:00+01:00,
Guardians of the Galaxy Vol 2,55.93542,-3.10329,2017-05-07T14:30:00+01:00,
Guardians of the Galaxy Vol 2,55.93542,-3.10329,2017-05-07T15:45:00+01:00,
Guardians of the Galaxy Vol 2,55.93542,-3.10329,2017-05-07T17:00:00+01:00,
Guardians of the Galaxy Vol 2,55.93542,-3.10329,2017-05-07T17:45:00+01:00,
Guardians of the Galaxy Vol 2,55.93542,-3.10329,2017-05-07T19:00:00+01:00,
Guardians of the Galaxy Vol 2,55.93542,-3.10329,2017-05-07T20:00:00+01:00,
Guardians of the Galaxy Vol 2,55.93542,-3.10329,2017-05-07T21:00:00+01:00,
Guardians of the Galaxy Vol 2,55.93542,-3.10329,2017-05-08T12:30:00+01:00,
Guardians of the Galaxy Vol 2,55.93542,-3.10329,2017-05-08T13:30:00+01:00,
Guardians of the Galaxy Vol 2,55.93542,-3.10329,2017-05-08T14:30:00+01:00,
Guardians of the Galaxy Vol 2,55.93542,-3.10329,2017-05-08T15:45:00+01:00,
Guardians of the Galaxy Vol 2,55.93542,-3.10329,2017-05-08T17:00:00+01:00,
Guardians of the Galaxy Vol 2,55.93542,-3.10329,2017-05-08T17:45:00+01:00,
Guardians of the Galaxy Vol 2,55.93542,-3.10329,2017-05-08T19:00:00+01:00,
Guardians of the Galaxy Vol 2,55.93542,-3.10329,2017-05-08T20:00:00+01:00,
Guardians of the Galaxy Vol 2,55.93542,-3.10329,2017-05-08T21:00:00+01:00,
Guardians of the Galaxy Vol 2,55.93542,-3.10329,2017-05-09T11:00:00+01:00,
Guardians of the Galaxy Vol 2,55.93542,-3.10329,2017-05-09T13:30:00+01:00,
Guardians of the Galaxy Vol 2,55.93542,-3.10329,2017-05-09T14:30:00+01:00,
Guardians of the Galaxy Vol 2,55.93542,-3.10329,2017-05-09T15:45:00+01:00,
Guardians of the Galaxy Vol 2,55.93542,-3.10329,2017-05-09T17:00:00+01:00,
Guardians of the Galaxy Vol 2,55.93542,-3.10329,2017-05-09T17:45:00+01:00,
Guardians of the Galaxy Vol 2,55.93542,-3.10329,2017-05-09T19:00:00+01:00,
Guardians of the Galaxy Vol 2,55.93542,-3.10329,2017-05-09T20:00:00+01:00,
Guardians of the Galaxy Vol 2,55.93542,-3.10329,2017-05-09T21:00:00+01:00,
Guardians of the Galaxy Vol 2,55.93542,-3.10329,2017-05-10T12:30:00+01:00,
Guardians of the Galaxy Vol 2,55.93542,-3.10329,2017-05-10T13:30:00+01:00,
Guardians of the Galaxy Vol 2,55.93542,-3.10329,2017-05-10T14:30:00+01:00,
Guardians of the Galaxy Vol 2,55.93542,-3.10329,2017-05-10T15:45:00+01:00,
Guardians of the Galaxy Vol 2,55.93542,-3.10329,2017-05-10T17:00:00+01:00,
Guardians of the Galaxy Vol 2,55.93542,-3.10329,2017-05-10T17:45:00+01:00,
Guardians of the Galaxy Vol 2,55.93542,-3.10329,2017-05-10T19:00:00+01:00,
Guardians of the Galaxy Vol 2,55.93542,-3.10329,2017-05-10T20:00:00+01:00,
Guardians of the Galaxy Vol 2,55.93542,-3.10329,2017-05-10T21:00:00+01:00,
Guardians of the Galaxy Vol 2,55.93542,-3.10329,2017-05-11T11:00:00+01:00,
Guardians of the Galaxy Vol 2,55.93542,-3.10329,2017-05-11T13:30:00+01:00,
Guardians of the Galaxy Vol 2,55.93542,-3.10329,2017-05-11T14:30:00+01:00,
Guardians of the Galaxy Vol 2,55.93542,-3.10329,2017-05-11T15:45:00+01:00,
Guardians of the Galaxy Vol 2,55.93542,-3.10329,2017-05-11T17:00:00+01:00,
Guardians of the Galaxy Vol 2,55.93542,-3.10329,2017-05-11T17:45:00+01:00,
Guardians of the Galaxy Vol 2,55.93542,-3.10329,2017-05-11T19:00:00+01:00,
Guardians of the Galaxy Vol 2,55.93542,-3.10329,2017-05-11T20:00:00+01:00,
Guardians of the Galaxy Vol 2,55.93542,-3.10329,2017-05-11T21:00:00+01:00,
Guardians of the Galaxy Vol 2,55.94137,-3.21798,2017-05-05T19:40:00+01:00,
Guardians of the Galaxy Vol 2,55.94137,-3.21798,2017-05-05T20:10:00+01:00,
Guardians of the Galaxy Vol 2,55.94137,-3.21798,2017-05-05T20:40:00+01:00,
Guardians of the Galaxy Vol 2,55.94137,-3.21798,2017-05-05T21:20:00+01:00,
Guardians of the Galaxy Vol 2,55.94137,-3.21798,2017-05-05T22:30:00+01:00,
Guardians of the Galaxy Vol 2,55.94137,-3.21798,2017-05-05T23:15:00+01:00,
Guardians of the Galaxy Vol 2,55.94137,-3.21798,2017-05-06T10:10:00+01:00,
Guardians of the Galaxy Vol 2,55.94137,-3.21798,2017-05-06T10:40:00+01:00,
Guardians of the Galaxy Vol 2,55.94137,-3.21798,2017-05-06T11:10:00+01:00,
Guardians of the Galaxy Vol 2,55.94137,-3.21798,2017-05-06T12:20:00+01:00,
Guardians of the Galaxy Vol 2,55.94137,-3.21798,2017-05-06T12:50:00+01:00,
Guardians of the Galaxy Vol 2,55.94137,-3.21798,2017-05-06T13:20:00+01:00,
Guardians of the Galaxy Vol 2,55.94137,-3.21798,2017-05-06T13:50:00+01:00,
Guardians of the Galaxy Vol 2,55.94137,-3.21798,2017-05-06T14:20:00+01:00,
Guardians of the Galaxy Vol 2,55.94137,-3.21798,2017-05-06T15:20:00+01:00,
Guardians of the Galaxy Vol 2,55.94137,-3.21798,2017-05-06T16:00:00+01:00,
Guardians of the Galaxy Vol 2,55.94137,-3.21798,2017-05-06T16:30:00+01:00,
Guardians of the Galaxy Vol 2,55.94137,-3.21798,2017-05-06T17:00:00+01:00,
Guardians of the Galaxy Vol 2,55.94137,-3.21798,2017-05-06T17:30:00+01:00,
Guardians of the Galaxy Vol 2,55.94137,-3.21798,2017-05-06T18:20:00+01:00,
Guardians of the Galaxy Vol 2,55.94137,-3.21798,2017-05-06T19:00:00+01:00,
Guardians of the Galaxy Vol 2,55.94137,-3.21798,2017-05-06T19:40:00+01:00,
Guardians of the Galaxy Vol 2,55.94137,-3.21798,2017-05-06T20:10:00+01:00,
Guardians of the Galaxy Vol 2,55.94137,-3.21798,2017-05-06T20:40:00+01:00,
Guardians of the Galaxy Vol 2,55.94137,-3.21798,2017-05-06T21:20:00+01:00,
Guardians of the Galaxy Vol 2,55.94137,-3.21798,2017-05-06T22:30:00+01:00,
Guardians of the Galaxy Vol 2,55.94137,-3.21798,2017-05-06T23:15:00+01:00,
Guardians of the Galaxy Vol 2,55.94137,-3.21798,2017-05-07T10:10:00+01:00,
Guardians of the Galaxy Vol 2,55.94137,-3.21798,2017-05-07T10:40:00+01:00,
Guardians of the Galaxy Vol 2,55.94137,-3.21798,2017-05-07T11:00:00+01:00,
Guardians of the Galaxy Vol 2,55.94137,-3.21798,2017-05-07T11:10:00+01:00,
Guardians of the Galaxy Vol 2,55.94137,-3.21798,2017-05-07T12:20:00+01:00,
Guardians of the Galaxy Vol 2,55.94137,-3.21798,2017-05-07T12:50:00+01:00,
Guardians of the Galaxy Vol 2,55.94137,-3.21798,2017-05-07T13:20:00+01:00,
Guardians of the Galaxy Vol 2,55.94137,-3.21798,2017-05-07T13:50:00+01:00,
Guardians of the Galaxy Vol 2,55.94137,-3.21798,2017-05-07T14:20:00+01:00,
Guardians of the Galaxy Vol 2,55.94137,-3.21798,2017-05-07T15:20:00+01:00,
Guardians of the Galaxy Vol 2,55.94137,-3.21798,2017-05-07T16:00:00+01:00,
Guardians of the Galaxy Vol 2,55.94137,-3.21798,2017-05-07T16:30:00+01:00,
Guardians of the Galaxy Vol 2,55.94137,-3.21798,2017-05-07T17:00:00+01:00,
Guardians of the Galaxy Vol 2,55.94137,-3.21798,2017-05-07T17:30:00+01:00,
Guardians of the Galaxy Vol 2,55.94137,-3.21798,2017-05-07T18:20:00+01:00,
Guardians of the Galaxy Vol 2,55.94137,-3.21798,2017-05-07T19:00:00+01:00,
Guardians of the Galaxy Vol 2,55.94137,-3.21798,2017-05-07T19:40:00+01:00,
Guardians of the Galaxy Vol 2,55.94137,-3.21798,2017-05-07T20:10:00+01:00,
Guardians of the Galaxy Vol 2,55.94137,-3.21798,2017-05-07T20:40:00+01:00,
Guardians of the Galaxy Vol 2,55.94137,-3.21798,2017-05-07T21:20:00+01:00,
Guardians of the Galaxy Vol 2,55.94137,-3.21798,2017-05-08T10:40:00+01:00,
Guardians of the Galaxy Vol 2,55.94137,-3.21798,2017-05-08T11:10:00+01:00,
Guardians of the Galaxy Vol 2,55.94137,-3.21798,2017-05-08T12:20:00+01:00,
Guardians of the Galaxy Vol 2,55.94137,-3.21798,2017-05-08T12:50:00+01:00,
Guardians of the Galaxy Vol 2,55.94137,-3.21798,2017-05-08T13:20:00+01:00,
Guardians of the Galaxy Vol 2,55.94137,-3.21798,2017-05-08T13:50:00+01:00,
Guardians of the Galaxy Vol 2,55.94137,-3.21798,2017-05-08T14:20:00+01:00,
Guardians of the Galaxy Vol 2,55.94137,-3.21798,2017-05-08T15:20:00+01:00,
Guardians of the Galaxy Vol 2,55.94137,-3.21798,2017-05-08T16:00:00+01:00,
Guardians of the Galaxy Vol 2,55.94137,-3.21798,2017-05-08T16:30:00+01:00,
Guardians of the Galaxy Vol 2,55.94137,-3.21798,2017-05-08T17:00:00+01:00,
Guardians of the Galaxy Vol 2,55.94137,-3.21798,2017-05-08T17:30:00+01:00,
Guardians of the Galaxy Vol 2,55.94137,-3.21798,2017-05-08T18:20:00+01:00,
Guardians of the Galaxy Vol 2,55.94137,-3.21798,2017-05-08T19:40:00+01:00,
Guardians of the Galaxy Vol 2,55.94137,-3.21798,2017-05-08T20:10:00+01:00,
Guardians of the Galaxy Vol 2,55.94137,-3.21798,2017-05-08T20:40:00+01:00,
Guardians of the Galaxy Vol 2,55.94137,-3.21798,2017-05-08T21:20:00+01:00,
Guardians of the Galaxy Vol 2,55.94137,-3.21798,2017-05-09T10:40:00+01:00,
Guardians of the Galaxy Vol 2,55.94137,-3.21798,2017-05-09T11:10:00+01:00,
Guardians of the Galaxy Vol 2,55.94137,-3.21798,2017-05-09T12:20:00+01:00,
Guardians of the Galaxy Vol 2,55.94137,-3.21798,2017-05-09T12:50:00+01:00,
Guardians of the Galaxy Vol 2,55.94137,-3.21798,2017-05-09T13:20:00+01:00,
Guardians of the Galaxy Vol 2,55.94137,-3.21798,2017-05-09T13:50:00+01:00,
Guardians of the Galaxy Vol 2,55.94137,-3.21798,2017-05-09T14:20:00+01:00,
Guardians of the Galaxy Vol 2,55.94137,-3.21798,2017-05-09T15:20:00+01:00,
Guardians of the Galaxy Vol 2,55.94137,-3.21798,2017-05-09T16:00:00+01:00,
Guardians of the Galaxy Vol 2,55.94137,-3.21798,2017-05-09T16:30:00+01:00,
Guardians of the Galaxy Vol 2,55.94137,-3.21798,2017-05-09T17:00:00+01:00,
Guardians of the Galaxy Vol 2,55.94137,-3.21798,2017-05-09T17:30:00+01:00,
Guardians of the Galaxy Vol 2,55.94137,-3.21798,2017-05-09T18:20:00+01:00,
Guardians of the Galaxy Vol 2,55.94137,-3.21798,2017-05-09T19:40:00+01:00,
Guardians of the Galaxy Vol 2,55.94137,-3.21798,2017-05-09T20:10:00+01:00,
Guardians of the Galaxy Vol 2,55.94137,-3.21798,2017-05-09T20:40:00+01:00,
Guardians of the Galaxy Vol 2,55.94137,-3.21798,2017-05-09T21:20:00+01:00,
Guardians of the Galaxy Vol 2,55.94137,-3.21798,2017-05-10T10:40:00+01:00,
Guardians of the Galaxy Vol 2,55.94137,-3.21798,2017-05-10T11:10:00+01:00,
Guardians of the Galaxy Vol 2,55.94137,-3.21798,2017-05-10T12:20:00+01:00,
Guardians of the Galaxy Vol 2,55.94137,-3.21798,2017-05-10T12:50:00+01:00,
Guardians of the Galaxy Vol 2,55.94137,-3.21798,2017-05-10T13:20:00+01:00,
Guardians of the Galaxy Vol 2,55.94137,-3.21798,2017-05-10T13:50:00+01:00,
Guardians of the Galaxy Vol 2,55.94137,-3.21798,2017-05-10T14:20:00+01:00,
Guardians of the Galaxy Vol 2,55.94137,-3.21798,2017-05-10T15:20:00+01:00,
Guardians of the Galaxy Vol 2,55.94137,-3.21798,2017-05-10T16:00:00+01:00,
Guardians of the Galaxy Vol 2,55.94137,-3.21798,2017-05-10T16:30:00+01:00,
Guardians of the Galaxy Vol 2,55.94137,-3.21798,2017-05-10T17:00:00+01:00,
Guardians of the Galaxy Vol 2,55.94137,-3.21798,2017-05-10T17:30:00+01:00,
Guardians of the Galaxy Vol 2,55.94137,-3.21798,2017-05-10T18:20:00+01:00,
Guardians of the Galaxy Vol 2,55.94137,-3.21798,2017-05-10T19:00:00+01:00,
Guardians of the Galaxy Vol 2,55.94137,-3.21798,2017-05-10T20:10:00+01:00,
Guardians of the Galaxy Vol 2,55.94137,-3.21798,2017-05-10T20:40:00+01:00,
Guardians of the Galaxy Vol 2,55.94137,-3.21798,2017-05-10T21:20:00+01:00,
Guardians of the Galaxy Vol 2,55.94137,-3.21798,2017-05-11T10:40:00+01:00,
Guardians of the Galaxy Vol 2,55.94137,-3.21798,2017-05-11T11:10:00+01:00,
Guardians of the Galaxy Vol 2,55.94137,-3.21798,2017-05-11T12:20:00+01:00,
Guardians of the Galaxy Vol 2,55.94137,-3.21798,2017-05-11T12:50:00+01:00,
Guardians of the Galaxy Vol 2,55.94137,-3.21798,2017-05-11T13:20:00+01:00,
Guardians of the Galaxy Vol 2,55.94137,-3.21798,2017-05-11T13:50:00+01:00,
Guardians of the Galaxy Vol 2,55.94137,-3.21798,2017-05-11T14:20:00+01:00,
Guardians of the Galaxy Vol 2,55.94137,-3.21798,2017-05-11T15:20:00+01:00,
Guardians of the Galaxy Vol 2,55.94137,-3.21798,2017-05-11T16:00:00+01:00,
Guardians of the Galaxy Vol 2,55.94137,-3.21798,2017-05-11T16:30:00+01:00,
Guardians of the Galaxy Vol 2,55.94137,-3.21798,2017-05-11T17:00:00+01:00,
Guardians of the Galaxy Vol 2,55.94137,-3.21798,2017-05-11T17:30:00+01:00,
Guardians of the Galaxy Vol 2,55.94137,-3.21798,2017-05-11T18:20:00+01:00,
Guardians of the Galaxy Vol 2,55.94137,-3.21798,2017-05-11T19:00:00+01:00,
Guardians of the Galaxy Vol 2,55.94137,-3.21798,2017-05-11T19:40:00+01:00,
Guardians of the Galaxy Vol 2,55.94137,-3.21798,2017-05-11T20:10:00+01:00,
Guardians of the Galaxy Vol 2,55.94137,-3.21798,2017-05-11T21:20:00+01:00,
Guardians of the Galaxy Vol 2,55.98063,-3.17777,2017-05-05T19:20:00+01:00,
Guardians of the Galaxy Vol 2,55.98063,-3.17777,2017-05-05T20:15:00+01:00,
Guardians of the Galaxy Vol 2,55.98063,-3.17777,2017-05-05T20:45:00+01:00,
Guardians of the Galaxy Vol 2,55.98063,-3.17777,2017-05-05T21:35:00+01:00,
Guardians of the Galaxy Vol 2,55.98063,-3.17777,2017-05-05T22:30:00+01:00,
Guardians of the Galaxy Vol 2,55.98063,-3.17777,2017-05-06T10:30:00+01:00,
Guardians of the Galaxy Vol 2,55.98063,-3.17777,2017-05-06T11:00:00+01:00,
Guardians of the Galaxy Vol 2,55.98063,-3.17777,2017-05-06T11:50:00+01:00,
Guardians of the Galaxy Vol 2,55.98063,-3.17777,2017-05-06T13:35:00+01:00,
Guardians of the Galaxy Vol 2,55.98063,-3.17777,2017-05-06T13:55:00+01:00,
Guardians of the Galaxy Vol 2,55.98063,-3.17777,2017-05-06T14:55:00+01:00,
Guardians of the Galaxy Vol 2,55.98063,-3.17777,2017-05-06T16:05:00+01:00,
Guardians of the Galaxy Vol 2,55.98063,-3.17777,2017-05-06T17:10:00+01:00,
Guardians of the Galaxy Vol 2,55.98063,-3.17777,2017-05-06T18:00:00+01:00,
Guardians of the Galaxy Vol 2,55.98063,-3.17777,2017-05-06T19:10:00+01:00,
Guardians of the Galaxy Vol 2,55.98063,-3.17777,2017-05-06T20:15:00+01:00,
Guardians of the Galaxy Vol 2,55.98063,-3.17777,2017-05-06T20:45:00+01:00,
Guardians of the Galaxy Vol 2,55.98063,-3.17777,2017-05-06T21:20:00+01:00,
Guardians of the Galaxy Vol 2,55.98063,-3.17777,2017-05-06T22:30:00+01:00,
Guardians of the Galaxy Vol 2,55.98063,-3.17777,2017-05-07T10:30:00+01:00,
Guardians of the Galaxy Vol 2,55.98063,-3.17777,2017-05-07T11:10:00+01:00,
Guardians of the Galaxy Vol 2,55.98063,-3.17777,2017-05-07T12:40:00+01:00,
Guardians of the Galaxy Vol 2,55.98063,-3.17777,2017-05-07T13:45:00+01:00,
Guardians of the Galaxy Vol 2,55.98063,-3.17777,2017-05-07T14:10:00+01:00,
Guardians of the Galaxy Vol 2,55.98063,-3.17777,2017-05-07T15:00:00+01:00,
Guardians of the Galaxy Vol 2,55.98063,-3.17777,2017-05-07T15:50:00+01:00,
Guardians of the Galaxy Vol 2,55.98063,-3.17777,2017-05-07T16:25:00+01:00,
Guardians of the Galaxy Vol 2,55.98063,-3.17777,2017-05-07T17:20:00+01:00,
Guardians of the Galaxy Vol 2,55.98063,-3.17777,2017-05-07T18:00:00+01:00,
Guardians of the Galaxy Vol 2,55.98063,-3.17777,2017-05-07T19:00:00+01:00,
Guardians of the Galaxy Vol 2,55.98063,-3.17777,2017-05-07T19:55:00+01:00,
Guardians of the Galaxy Vol 2,55.98063,-3.17777,2017-05-07T20:35:00+01:00,
Guardians of the Galaxy Vol 2,55.98063,-3.17777,2017-05-07T21:25:00+01:00,
Guardians of the Galaxy Vol 2,55.98063,-3.17777,2017-05-08T12:00:00+01:00,
Guardians of the Galaxy Vol 2,55.98063,-3.17777,2017-05-08T12:40:00+01:00,
Guardians of the Galaxy Vol 2,55.98063,-3.17777,2017-05-08T13:45:00+01:00,
Guardians of the Galaxy Vol 2,55.98063,-3.17777,2017-05-08T14:15:00+01:00,
Guardians of the Galaxy Vol 2,55.98063,-3.17777,2017-05-08T15:25:00+01:00,
Guardians of the Galaxy Vol 2,55.98063,-3.17777,2017-05-08T16:05:00+01:00,
Guardians of the Galaxy Vol 2,55.98063,-3.17777,2017-05-08T16:30:00+01:00,
Guardians of the Galaxy Vol 2,55.98063,-3.17777,2017-05-08T17:30:00+01:00,
Guardians of the Galaxy Vol 2,55.98063,-3.17777,2017-05-08T18:30:00+01:00,
Guardians of the Galaxy Vol 2,55.98063,-3.17777,2017-05-08T19:30:00+01:00,
Guardians of the Galaxy Vol 2,55.98063,-3.17777,2017-05-08T20:20:00+01:00,
Guardians of the Galaxy Vol 2,55.98063,-3.17777,2017-05-08T20:40:00+01:00,
Guardians of the Galaxy Vol 2,55.98063,-3.17777,2017-05-08T21:45:00+01:00,
Guardians of the Galaxy Vol 2,55.98063,-3.17777,2017-05-09T12:00:00+01:00,
Guardians of the Galaxy Vol 2,55.98063,-3.17777,2017-05-09T12:20:00+01:00,
Guardians of the Galaxy Vol 2,55.98063,-3.17777,2017-05-09T13:25:00+01:00,
Guardians of the Galaxy Vol 2,55.98063,-3.17777,2017-05-09T13:50:00+01:00,
Guardians of the Galaxy Vol 2,55.98063,-3.17777,2017-05-09T14:35:00+01:00,
Guardians of the Galaxy Vol 2,55.98063,-3.17777,2017-05-09T15:20:00+01:00,
Guardians of the Galaxy Vol 2,55.98063,-3.17777,2017-05-09T16:00:00+01:00,
Guardians of the Galaxy Vol 2,55.98063,-3.17777,2017-05-09T16:55:00+01:00,
Guardians of the Galaxy Vol 2,55.98063,-3.17777,2017-05-09T17:40:00+01:00,
Guardians of the Galaxy Vol 2,55.98063,-3.17777,2017-05-09T18:00:00+01:00,
Guardians of the Galaxy Vol 2,55.98063,-3.17777,2017-05-09T19:20:00+01:00,
Guardians of the Galaxy Vol 2,55.98063,-3.17777,2017-05-09T20:00:00+01:00,
Guardians of the Galaxy Vol 2,55.98063,-3.17777,2017-05-09T20:15:00+01:00,
Guardians of the Galaxy Vol 2,55.98063,-3.17777,2017-05-09T21:15:00+01:00,
Guardians of the Galaxy Vol 2,55.98063,-3.17777,2017-05-10T12:15:00+01:00,
Guardians of the Galaxy Vol 2,55.98063,-3.17777,2017-05-10T13:10:00+01:00,
Guardians of the Galaxy Vol 2,55.98063,-3.17777,2017-05-10T13:50:00+01:00,
Guardians of the Galaxy Vol 2,55.98063,-3.17777,2017-05-10T14:40:00+01:00,
Guardians of the Galaxy Vol 2,55.98063,-3.17777,2017-05-10T15:40:00+01:00,
Guardians of the Galaxy Vol 2,55.98063,-3.17777,2017-05-10T16:15:00+01:00,
Guardians of the Galaxy Vol 2,55.98063,-3.17777,2017-05-10T17:05:00+01:00,
Guardians of the Galaxy Vol 2,55.98063,-3.17777,2017-05-10T18:00:00+01:00,
Guardians of the Galaxy Vol 2,55.98063,-3.17777,2017-05-10T18:45:00+01:00,
Guardians of the Galaxy Vol 2,55.98063,-3.17777,2017-05-10T19:50:00+01:00,
Guardians of the Galaxy Vol 2,55.98063,-3.17777,2017-05-10T20:10:00+01:00,
Guardians of the Galaxy Vol 2,55.98063,-3.17777,2017-05-10T20:50:00+01:00,
Guardians of the Galaxy Vol 2,55.98063,-3.17777,2017-05-10T21:20:00+01:00,
Guardians of the Galaxy Vol 2,55.98063,-3.17777,2017-05-11T12:45:00+01:00,
Guardians of the Galaxy Vol 2,55.98063,-3.17777,2017-05-11T13:50:00+01:00,
Guardians of the Galaxy Vol 2,55.98063,-3.17777,2017-05-11T14:20:00+01:00,
Guardians of the Galaxy Vol 2,55.98063,-3.17777,2017-05-11T15:40:00+01:00,
Guardians of the Galaxy Vol 2,55.98063,-3.17777,2017-05-11T16:25:00+01:00,
Guardians of the Galaxy Vol 2,55.98063,-3.17777,2017-05-11T17:25:00+01:00,
Guardians of the Galaxy Vol 2,55.98063,-3.17777,2017-05-11T18:30:00+01:00,
Guardians of the Galaxy Vol 2,55.98063,-3.17777,2017-05-11T19:30:00+01:00,
Guardians of the Galaxy Vol 2,55.98063,-3.17777,2017-05-11T20:00:00+01:00,
Guardians of the Galaxy Vol 2,55.98063,-3.17777,2017-05-11T20:50:00+01:00,
Guardians of the Galaxy Vol 2,55.98063,-3.17777,2017-05-11T22:00:00+01:00,
Guardians of the Galaxy Vol 2,55.98063,-3.17777,2017-05-11T22:40:00+01:00,
Guardians of the Galaxy Vol 2,55.98063,-3.17777,2017-05-11T23:15:00+01:00,
Guardians of the Galaxy Vol 2,55.95597,-3.18616,2017-05-05T19:50:00+01:00,
Guardians of the Galaxy Vol 2,55.95597,-3.18616,2017-05-05T20:30:00+01:00,
Guardians of the Galaxy Vol 2,55.95597,-3.18616,2017-05-05T21:25:00+01:00,
Guardians of the Galaxy Vol 2,55.95597,-3.18616,2017-05-05T22:00:00+01:00,
Guardians of the Galaxy Vol 2,55.95597,-3.18616,2017-05-05T22:40:00+01:00,
Guardians of the Galaxy Vol 2,55.95597,-3.18616,2017-05-06T10:30:00+01:00,
Guardians of the Galaxy Vol 2,55.95597,-3.18616,2017-05-06T11:30:00+01:00,
Guardians of the Galaxy Vol 2,55.95597,-3.18616,2017-05-06T12:30:00+01:00,
Guardians of the Galaxy Vol 2,55.95597,-3.18616,2017-05-06T13:30:00+01:00,
Guardians of the Galaxy Vol 2,55.95597,-3.18616,2017-05-06T14:35:00+01:00,
Guardians of the Galaxy Vol 2,55.95597,-3.18616,2017-05-06T15:25:00+01:00,
Guardians of the Galaxy Vol 2,55.95597,-3.18616,2017-05-06T16:20:00+01:00,
Guardians of the Galaxy Vol 2,55.95597,-3.18616,2017-05-06T17:20:00+01:00,
Guardians of the Galaxy Vol 2,55.95597,-3.18616,2017-05-06T18:30:00+01:00,
Guardians of the Galaxy Vol 2,55.95597,-3.18616,2017-05-06T19:30:00+01:00,
Guardians of the Galaxy Vol 2,55.95597,-3.18616,2017-05-06T20:30:00+01:00,
Guardians of the Galaxy Vol 2,55.95597,-3.18616,2017-05-06T21:45:00+01:00,
Guardians of the Galaxy Vol 2,55.95597,-3.18616,2017-05-06T22:25:00+01:00,
Guardians of the Galaxy Vol 2,55.95597,-3.18616,2017-05-07T09:50:00+01:00,
Guardians of the Galaxy Vol 2,55.95597,-3.18616,2017-05-07T10:50:00+01:00,
Guardians of the Galaxy Vol 2,55.95597,-3.18616,2017-05-07T12:35:00+01:00,
Guardians of the Galaxy Vol 2,55.95597,-3.18616,2017-05-07T13:25:00+01:00,
Guardians of the Galaxy Vol 2,55.95597,-3.18616,2017-05-07T14:20:00+01:00,
Guardians of the Galaxy Vol 2,55.95597,-3.18616,2017-05-07T15:15:00+01:00,
Guardians of the Galaxy Vol 2,55.95597,-3.18616,2017-05-07T16:15:00+01:00,
Guardians of the Galaxy Vol 2,55.95597,-3.18616,2017-05-07T17:20:00+01:00,
Guardians of the Galaxy Vol 2,55.95597,-3.18616,2017-05-07T18:20:00+01:00,
Guardians of the Galaxy Vol 2,55.95597,-3.18616,2017-05-07T19:45:00+01:00,
Guardians of the Galaxy Vol 2,55.95597,-3.18616,2017-05-07T20:25:00+01:00,
Guardians of the Galaxy Vol 2,55.95597,-3.18616,2017-05-07T21:00:00+01:00,
Guardians of the Galaxy Vol 2,55.95597,-3.18616,2017-05-08T12:00:00+01:00,
Guardians of the Galaxy Vol 2,55.95597,-3.18616,2017-05-08T13:00:00+01:00,
Guardians of the Galaxy Vol 2,55.95597,-3.18616,2017-05-08T14:15:00+01:00,
Guardians of the Galaxy Vol 2,55.95597,-3.18616,2017-05-08T15:15:00+01:00,
Guardians of the Galaxy Vol 2,55.95597,-3.18616,2017-05-08T16:30:00+01:00,
Guardians of the Galaxy Vol 2,55.95597,-3.18616,2017-05-08T17:30:00+01:00,
Guardians of the Galaxy Vol 2,55.95597,-3.18616,2017-05-08T18:30:00+01:00,
Guardians of the Galaxy Vol 2,55.95597,-3.18616,2017-05-08T19:40:00+01:00,
Guardians of the Galaxy Vol 2,55.95597,-3.18616,2017-05-08T20:35:00+01:00,
Guardians of the Galaxy Vol 2,55.95597,-3.18616,2017-05-08T21:35:00+01:00,
Guardians of the Galaxy Vol 2,55.95597,-3.18616,2017-05-09T12:05:00+01:00,
Guardians of the Galaxy Vol 2,55.95597,-3.18616,2017-05-09T13:05:00+01:00,
Guardians of the Galaxy Vol 2,55.95597,-3.18616,2017-05-09T14:05:00+01:00,
Guardians of the Galaxy Vol 2,55.95597,-3.18616,2017-05-09T15:05:00+01:00,
Guardians of the Galaxy Vol 2,55.95597,-3.18616,2017-05-09T16:15:00+01:00,
Guardians of the Galaxy Vol 2,55.95597,-3.18616,2017-05-09T17:15:00+01:00,
Guardians of the Galaxy Vol 2,55.95597,-3.18616,2017-05-09T18:15:00+01:00,
Guardians of the Galaxy Vol 2,55.95597,-3.18616,2017-05-09T19:25:00+01:00,
Guardians of the Galaxy Vol 2,55.95597,-3.18616,2017-05-09T20:30:00+01:00,
Guardians of the Galaxy Vol 2,55.95597,-3.18616,2017-05-09T21:30:00+01:00,
Guardians of the Galaxy Vol 2,55.95597,-3.18616,2017-05-10T12:00:00+01:00,
Guardians of the Galaxy Vol 2,55.95597,-3.18616,2017-05-10T13:00:00+01:00,
Guardians of the Galaxy Vol 2,55.95597,-3.18616,2017-05-10T14:20:00+01:00,
Guardians of the Galaxy Vol 2,55.95597,-3.18616,2017-05-10T15:10:00+01:00,
Guardians of the Galaxy Vol 2,55.95597,-3.18616,2017-05-10T16:15:00+01:00,
Guardians of the Galaxy Vol 2,55.95597,-3.18616,2017-05-10T17:25:00+01:00,
Guardians of the Galaxy Vol 2,55.95597,-3.18616,2017-05-10T18:25:00+01:00,
Guardians of the Galaxy Vol 2,55.95597,-3.18616,2017-05-10T19:30:00+01:00,
Guardians of the Galaxy Vol 2,55.95597,-3.18616,2017-05-10T20:10:00+01:00,
Guardians of the Galaxy Vol 2,55.95597,-3.18616,2017-05-10T20:50:00+01:00,
Guardians of the Galaxy Vol 2,55.95597,-3.18616,2017-05-10T21:45:00+01:00,
Guardians of the Galaxy Vol 2,55.95597,-3.18616,2017-05-11T12:00:00+01:00,
Guardians of the Galaxy Vol 2,55.95597,-3.18616,2017-05-11T13:00:00+01:00,
Guardians of the Galaxy Vol 2,55.95597,-3.18616,2017-05-11T14:20:00+01:00,
Guardians of the Galaxy Vol 2,55.95597,-3.18616,2017-05-11T15:25:00+01:00,
Guardians of the Galaxy Vol 2,55.95597,-3.18616,2017-05-11T16:25:00+01:00,
Guardians of the Galaxy Vol 2,55.95597,-3.18616,2017-05-11T17:25:00+01:00,
Guardians of the Galaxy Vol 2,55.95597,-3.18616,2017-05-11T18:30:00+01:00,
Guardians of the Galaxy Vol 2,55.95597,-3.18616,2017-05-11T19:30:00+01:00,
Guardians of the Galaxy Vol 2,55.95597,-3.18616,2017-05-11T20:20:00+01:00,
Guardians of the Galaxy Vol 2,55.95597,-3.18616,2017-05-11T21:30:00+01:00,
Guardians of the Galaxy Vol 2,55.95597,-3.18616,2017-05-11T22:25:00+01:00,
Guardians of the Galaxy Vol 2,55.95597,-3.18616,2017-05-11T23:25:00+01:00,
Guardians of the Galaxy Vol 2,55.9154,-3.28489,2017-05-05T19:30:00+01:00,
Guardians of the Galaxy Vol 2,55.9154,-3.28489,2017-05-05T20:00:00+01:00,
Guardians of the Galaxy Vol 2,55.9154,-3.28489,2017-05-06T10:45:00+01:00,
Guardians of the Galaxy Vol 2,55.9154,-3.28489,2017-05-06T12:40:00+01:00,
Guardians of the Galaxy Vol 2,55.9154,-3.28489,2017-05-06T13:45:00+01:00,
Guardians of the Galaxy Vol 2,55.9154,-3.28489,2017-05-06T15:45:00+01:00,
Guardians of the Galaxy Vol 2,55.9154,-3.28489,2017-05-06T17:00:00+01:00,
Guardians of the Galaxy Vol 2,55.9154,-3.28489,2017-05-06T19:00:00+01:00,
Guardians of the Galaxy Vol 2,55.9154,-3.28489,2017-05-06T19:30:00+01:00,
Guardians of the Galaxy Vol 2,55.9154,-3.28489,2017-05-06T20:00:00+01:00,
Guardians of the Galaxy Vol 2,55.9154,-3.28489,2017-05-07T10:45:00+01:00,
Guardians of the Galaxy Vol 2,55.9154,-3.28489,2017-05-07T12:40:00+01:00,
Guardians of the Galaxy Vol 2,55.9154,-3.28489,2017-05-07T13:45:00+01:00,
Guardians of the Galaxy Vol 2,55.9154,-3.28489,2017-05-07T15:45:00+01:00,
Guardians of the Galaxy Vol 2,55.9154,-3.28489,2017-05-07T17:00:00+01:00,
Guardians of the Galaxy Vol 2,55.9154,-3.28489,2017-05-07T19:00:00+01:00,
Guardians of the Galaxy Vol 2,55.9154,-3.28489,2017-05-07T19:30:00+01:00,
Guardians of the Galaxy Vol 2,55.9154,-3.28489,2017-05-07T20:00:00+01:00,
Guardians of the Galaxy Vol 2,55.9154,-3.28489,2017-05-08T12:40:00+01:00,
Guardians of the Galaxy Vol 2,55.9154,-3.28489,2017-05-08T13:45:00+01:00,
Guardians of the Galaxy Vol 2,55.9154,-3.28489,2017-05-08T15:45:00+01:00,
Guardians of the Galaxy Vol 2,55.9154,-3.28489,2017-05-08T17:00:00+01:00,
Guardians of the Galaxy Vol 2,55.9154,-3.28489,2017-05-08T19:00:00+01:00,
Guardians of the Galaxy Vol 2,55.9154,-3.28489,2017-05-08T19:30:00+01:00,
Guardians of the Galaxy Vol 2,55.9154,-3.28489,2017-05-08T20:00:00+01:00,
Guardians of the Galaxy Vol 2,55.9154,-3.28489,2017-05-09T12:40:00+01:00,
Guardians of the Galaxy Vol 2,55.9154,-3.28489,2017-05-09T13:45:00+01:00,
Guardians of the Galaxy Vol 2,55.9154,-3.28489,2017-05-09T15:45:00+01:00,
Guardians of the Galaxy Vol 2,55.9154,-3.28489,2017-05-09T17:00:00+01:00,
Guardians of the Galaxy Vol 2,55.9154,-3.28489,2017-05-09T19:00:00+01:00,
Guardians of the Galaxy Vol 2,55.9154,-3.28489,2017-05-09T19:30:00+01:00,
Guardians of the Galaxy Vol 2,55.9154,-3.28489,2017-05-09T20:00:00+01:00,
Guardians of the Galaxy Vol 2,55.9154,-3.28489,2017-05-10T12:40:00+01:00,
Guardians of the Galaxy Vol 2,55.9154,-3.28489,2017-05-10T13:45:00+01:00,
Guardians of the Galaxy Vol 2,55.9154,-3.28489,2017-05-10T15:45:00+01:00,
Guardians of the Galaxy Vol 2,55.9154,-3.28489,2017-05-10T17:00:00+01:00,
Guardians of the Galaxy Vol 2,55.9154,-3.28489,2017-05-10T19:00:00+01:00,
Guardians of the Galaxy Vol 2,55.9154,-3.28489,2017-05-10T19:30:00+01:00,
Guardians of the Galaxy Vol 2,55.9154,-3.28489,2017-05-10T20:00:00+01:00,
Guardians of the Galaxy Vol 2,55.9154,-3.28489,2017-05-11T12:40:00+01:00,
Guardians of the Galaxy Vol 2,55.9154,-3.28489,2017-05-11T13:45:00+01:00,
Guardians of the Galaxy Vol 2,55.9154,-3.28489,2017-05-11T15:45:00+01:00,
Guardians of the Galaxy Vol 2,55.9154,-3.28489,2017-05-11T17:00:00+01:00,
Guardians of the Galaxy Vol 2,55.9154,-3.28489,2017-05-11T19:00:00+01:00,
Guardians of the Galaxy Vol 2,55.9154,-3.28489,2017-05-11T19:30:00+01:00,
Guardians of the Galaxy Vol 2,55.9154,-3.28489,2017-05-11T20:00:00+01:00,
Guardians of the Galaxy Vol 2,55.9462,-3.20655,2017-05-05T20:45:00+01:00,
Guardians of the Galaxy Vol 2,55.9462,-3.20655,2017-05-06T11:00:00+01:00,
Guardians of the Galaxy Vol 2,55.9462,-3.20655,2017-05-06T14:15:00+01:00,
Guardians of the Galaxy Vol 2,55.9462,-3.20655,2017-05-06T17:20:00+01:00,
Guardians of the Galaxy Vol 2,55.9462,-3.20655,2017-05-06T20:30:00+01:00,
Guardians of the Galaxy Vol 2,55.9462,-3.20655,2017-05-07T11:00:00+01:00,
Guardians of the Galaxy Vol 2,55.9462,-3.20655,2017-05-07T14:15:00+01:00,
Guardians of the Galaxy Vol 2,55.9462,-3.20655,2017-05-07T17:20:00+01:00,
Guardians of the Galaxy Vol 2,55.9462,-3.20655,2017-05-07T20:30:00+01:00,
Guardians of the Galaxy Vol 2,55.9462,-3.20655,2017-05-08T14:15:00+01:00,
Guardians of the Galaxy Vol 2,55.9462,-3.20655,2017-05-08T17:20:00+01:00,
Guardians of the Galaxy Vol 2,55.9462,-3.20655,2017-05-08T20:30:00+01:00,
Guardians of the Galaxy Vol 2,55.9462,-3.20655,2017-05-09T11:15:00+01:00,
Guardians of the Galaxy Vol 2,55.9462,-3.20655,2017-05-09T14:15:00+01:00,
Guardians of the Galaxy Vol 2,55.9462,-3.20655,2017-05-09T17:20:00+01:00,
Guardians of the Galaxy Vol 2,55.9462,-3.20655,2017-05-09T20:30:00+01:00,
Guardians of the Galaxy Vol 2,55.9462,-3.20655,2017-05-10T14:15:00+01:00,
Guardians of the Galaxy Vol 2,55.9462,-3.20655,2017-05-10T17:20:00+01:00,
Guardians of the Galaxy Vol 2,55.9462,-3.20655,2017-05-10T20:30:00+01:00,
Guardians of the Galaxy Vol 2,55.9462,-3.20655,2017-05-11T11:15:00+01:00,
Guardians of the Galaxy Vol 2,55.9462,-3.20655,2017-05-11T14:15:00+01:00,
Guardians of the Galaxy Vol 2,55.9462,-3.20655,2017-05-11T17:20:00+01:00,
Guardians of the Galaxy Vol 2,55.9462,-3.20655,2017-05-11T20:30:00+01:00,
Guardians of the Galaxy Vol 2,55.94219,-3.2036,2017-05-05T20:50:00+01:00,
Guardians of the Galaxy Vol 2,55.94219,-3.2036,2017-05-06T12:05:00+01:00,
Guardians of the Galaxy Vol 2,55.94219,-3.2036,2017-05-06T15:00:00+01:00,
Guardians of the Galaxy Vol 2,55.94219,-3.2036,2017-05-06T17:55:00+01:00,
Guardians of the Galaxy Vol 2,55.94219,-3.2036,2017-05-06T20:50:00+01:00,
Guardians of the Galaxy Vol 2,55.94219,-3.2036,2017-05-07T14:50:00+01:00,
Guardians of the Galaxy Vol 2,55.94219,-3.2036,2017-05-07T17:45:00+01:00,
Guardians of the Galaxy Vol 2,55.94219,-3.2036,2017-05-07T20:40:00+01:00,
Guardians of the Galaxy Vol 2,55.94219,-3.2036,2017-05-08T12:15:00+01:00,
Guardians of the Galaxy Vol 2,55.94219,-3.2036,2017-05-08T15:10:00+01:00,
Guardians of the Galaxy Vol 2,55.94219,-3.2036,2017-05-08T18:05:00+01:00,
Guardians of the Galaxy Vol 2,55.94219,-3.2036,2017-05-09T12:10:00+01:00,
Guardians of the Galaxy Vol 2,55.94219,-3.2036,2017-05-09T15:00:00+01:00,
Guardians of the Galaxy Vol 2,55.94219,-3.2036,2017-05-09T17:50:00+01:00,
Guardians of the Galaxy Vol 2,55.94219,-3.2036,2017-05-09T20:45:00+01:00,
Guardians of the Galaxy Vol 2,55.94219,-3.2036,2017-05-10T12:05:00+01:00,
Guardians of the Galaxy Vol 2,55.94219,-3.2036,2017-05-10T15:00:00+01:00,
Guardians of the Galaxy Vol 2,55.94219,-3.2036,2017-05-10T17:55:00+01:00,
Guardians of the Galaxy Vol 2,55.94219,-3.2036,2017-05-11T12:15:00+01:00,
Guardians of the Galaxy Vol 2,55.94219,-3.2036,2017-05-11T15:10:00+01:00,
Guardians of the Galaxy Vol 2,55.94219,-3.2036,2017-05-11T18:05:00+01:00,
The Boss Baby,55.93542,-3.10329,2017-05-06T10:15:00+01:00,
The Boss Baby,55.93542,-3.10329,2017-05-06T11:45:00+01:00,
The Boss Baby,55.93542,-3.10329,2017-05-06T14:00:00+01:00,
The Boss Baby,55.93542,-3.10329,2017-05-06T16:30:00+01:00,
The Boss Baby,55.93542,-3.10329,2017-05-07T10:15:00+01:00,
The Boss Baby,55.93542,-3.10329,2017-05-07T11:45:00+01:00,
The Boss Baby,55.93542,-3.10329,2017-05-07T14:00:00+01:00,
The Boss Baby,55.93542,-3.10329,2017-05-07T16:30:00+01:00,
The Boss Baby,55.93542,-3.10329,2017-05-08T14:00:00+01:00,
The Boss Baby,55.93542,-3.10329,2017-05-08T16:30:00+01:00,
The Boss Baby,55.93542,-3.10329,2017-05-09T16:45:00+01:00,
The Boss Baby,55.93542,-3.10329,2017-05-10T14:00:00+01:00,
The Boss Baby,55.93542,-3.10329,2017-05-10T16:30:00+01:00,
The Boss Baby,55.93542,-3.10329,2017-05-11T16:45:00+01:00,
The Boss Baby,55.94137,-3.21798,2017-05-06T10:10:00+01:00,
The Boss Baby,55.94137,-3.21798,2017-05-06T12:40:00+01:00,
The Boss Baby,55.94137,-3.21798,2017-05-06T15:10:00+01:00,
The Boss Baby,55.94137,-3.21798,2017-05-06T17:40:00+01:00,
The Boss Baby,55.94137,-3.21798,2017-05-07T10:10:00+01:00,
The Boss Baby,55.94137,-3.21798,2017-05-07T12:40:00+01:00,
The Boss Baby,55.94137,-3.21798,2017-05-07T15:10:00+01:00,
The Boss Baby,55.94137,-3.21798,2017-05-07T17:40:00+01:00,
The Boss Baby,55.94137,-3.21798,2017-05-08T15:10:00+01:00,
The Boss Baby,55.94137,-3.21798,2017-05-08T17:40:00+01:00,
The Boss Baby,55.94137,-3.21798,2017-05-09T15:10:00+01:00,
The Boss Baby,55.94137,-3.21798,2017-05-09T17:40:00+01:00,
The Boss Baby,55.94137,-3.21798,2017-05-10T15:10:00+01:00,
The Boss Baby,55.94137,-3.21798,2017-05-10T17:40:00+01:00,
The Boss Baby,55.94137,-3.21798,2017-05-11T15:10:00+01:00,
The Boss Baby,55.94137,-3.21798,2017-05-11T17:40:00+01:00,
The Boss Baby,55.98063,-3.17777,2017-05-06T11:10:00+01:00,
The Boss Baby,55.98063,-3.17777,2017-05-06T12:05:00+01:00,
The Boss Baby,55.98063,-3.17777,2017-05-06T14:05:00+01:00,
The Boss Baby,55.98063,-3.17777,2017-05-06T15:05:00+01:00,
The Boss Baby,55.98063,-3.17777,2017-05-06T15:45:00+01:00,
The Boss Baby,55.98063,-3.17777,2017-05-06T17:00:00+01:00,
The Boss Baby,55.98063,-3.17777,2017-05-07T10:50:00+01:00,
The Boss Baby,55.98063,-3.17777,2017-05-07T12:15:00+01:00,
The Boss Baby,55.98063,-3.17777,2017-05-07T13:30:00+01:00,
The Boss Baby,55.98063,-3.17777,2017-05-07T14:40:00+01:00,
The Boss Baby,55.98063,-3.17777,2017-05-07T16:00:00+01:00,
The Boss Baby,55.98063,-3.17777,2017-05-08T11:50:00+01:00,
The Boss Baby,55.98063,-3.17777,2017-05-08T14:35:00+01:00,
The Boss Baby,55.98063,-3.17777,2017-05-08T17:20:00+01:00,
The Boss Baby,55.98063,-3.17777,2017-05-09T12:20:00+01:00,
The Boss Baby,55.98063,-3.17777,2017-05-10T13:20:00+01:00,
The Boss Baby,55.98063,-3.17777,2017-05-10T16:25:00+01:00,
The Boss Baby,55.98063,-3.17777,2017-05-11T13:25:00+01:00,
The Boss Baby,55.98063,-3.17777,2017-05-11T17:05:00+01:00,
The Boss Baby,55.95597,-3.18616,2017-05-06T10:25:00+01:00,
The Boss Baby,55.95597,-3.18616,2017-05-06T12:25:00+01:00,
The Boss Baby,55.95597,-3.18616,2017-05-06T14:30:00+01:00,
The Boss Baby,55.95597,-3.18616,2017-05-07T12:45:00+01:00,
The Boss Baby,55.95597,-3.18616,2017-05-07T15:20:00+01:00,
The Boss Baby,55.95597,-3.18616,2017-05-08T12:15:00+01:00,
The Boss Baby,55.95597,-3.18616,2017-05-09T13:30:00+01:00,
The Boss Baby,55.95597,-3.18616,2017-05-09T17:30:00+01:00,
The Boss Baby,55.95597,-3.18616,2017-05-10T16:40:00+01:00,
The Boss Baby,55.95597,-3.18616,2017-05-11T13:00:00+01:00,
The Boss Baby,55.9154,-3.28489,2017-05-06T14:10:00+01:00,
The Boss Baby,55.9154,-3.28489,2017-05-06T16:30:00+01:00,
The Boss Baby,55.9154,-3.28489,2017-05-07T14:10:00+01:00,
The Boss Baby,55.9154,-3.28489,2017-05-07T16:30:00+01:00,
The Boss Baby,55.9154,-3.28489,2017-05-08T14:10:00+01:00,
The Boss Baby,55.9154,-3.28489,2017-05-08T16:30:00+01:00,
The Boss Baby,55.9154,-3.28489,2017-05-09T14:10:00+01:00,
The Boss Baby,55.9154,-3.28489,2017-05-09T16:30:00+01:00,
The Boss Baby,55.9154,-3.28489,2017-05-10T14:10:00+01:00,
The Boss Baby,55.9154,-3.28489,2017-05-10T16:30:00+01:00,
The Boss Baby,55.9154,-3.28489,2017-05-11T14:10:00+01:00,
The Boss Baby,55.9154,-3.28489,2017-05-11T16:30:00+01:00,
Unlocked,55.94137,-3.21798,2017-05-05T20:00:00+01:00,
Unlocked,55.94137,-3.21798,2017-05-05T23:00:00+01:00,
Unlocked,55.94137,-3.21798,2017-05-06T12:30:00+01:00,
Unlocked,55.94137,-3.21798,2017-05-06T15:00:00+01:00,
Unlocked,55.94137,-3.21798,2017-05-06T17:30:00+01:00,
Unlocked,55.94137,-3.21798,2017-05-06T20:00:00+01:00,
Unlocked,55.94137,-3.21798,2017-05-06T23:00:00+01:00,
Unlocked,55.94137,-3.21798,2017-05-07T12:30:00+01:00,
Unlocked,55.94137,-3.21798,2017-05-07T15:00:00+01:00,
Unlocked,55.94137,-3.21798,2017-05-07T17:30:00+01:00,
Unlocked,55.94137,-3.21798,2017-05-07T20:00:00+01:00,
Unlocked,55.94137,-3.21798,2017-05-08T12:30:00+01:00,
Unlocked,55.94137,-3.21798,2017-05-08T15:00:00+01:00,
Unlocked,55.94137,-3.21798,2017-05-08T17:30:00+01:00,
Unlocked,55.94137,-3.21798,2017-05-08T20:00:00+01:00,
Unlocked,55.94137,-3.21798,2017-05-09T12:30:00+01:00,
Unlocked,55.94137,-3.21798,2017-05-09T15:00:00+01:00,
Unlocked,55.94137,-3.21798,2017-05-09T17:30:00+01:00,
Unlocked,55.94137,-3.21798,2017-05-09T20:00:00+01:00,
Unlocked,55.94137,-3.21798,2017-05-10T12:30:00+01:00,
Unlocked,55.94137,-3.21798,2017-05-10T15:00:00+01:00,
Unlocked,55.94137,-3.21798,2017-05-10T17:30:00+01:00,
Unlocked,55.94137,-3.21798,2017-05-10T20:00:00+01:00,
Unlocked,55.94137,-3.21798,2017-05-11T12:30:00+01:00,
Unlocked,55.94137,-3.21798,2017-05-11T15:00:00+01:00,
Unlocked,55.94137,-3.21798,2017-05-11T17:30:00+01:00,
Unlocked,55.94137,-3.21798,2017-05-11T20:00:00+01:00,
Unlocked,55.98063,-3.17777,2017-05-05T21:05:00+01:00,
Unlocked,55.98063,-3.17777,2017-05-05T22:50:00+01:00,
Unlocked,55.98063,-3.17777,2017-05-06T10:10:00+01:00,
Unlocked,55.98063,-3.17777,2017-05-06T12:35:00+01:00,
Unlocked,55.98063,-3.17777,2017-05-06T14:35:00+01:00,
Unlocked,55.98063,-3.17777,2017-05-06T17:20:00+01:00,
Unlocked,55.98063,-3.17777,2017-05-06T18:50:00+01:00,
Unlocked,55.98063,-3.17777,2017-05-06T20:35:00+01:00,
Unlocked,55.98063,-3.17777,2017-05-06T22:15:00+01:00,
Unlocked,55.98063,-3.17777,2017-05-07T11:20:00+01:00,
Unlocked,55.98063,-3.17777,2017-05-07T13:30:00+01:00,
Unlocked,55.98063,-3.17777,2017-05-07T15:30:00+01:00,
Unlocked,55.98063,-3.17777,2017-05-07T17:30:00+01:00,
Unlocked,55.98063,-3.17777,2017-05-07T19:10:00+01:00,
Unlocked,55.98063,-3.17777,2017-05-08T11:40:00+01:00,
Unlocked,55.98063,-3.17777,2017-05-08T14:45:00+01:00,
Unlocked,55.98063,-3.17777,2017-05-08T17:40:00+01:00,
Unlocked,55.98063,-3.17777,2017-05-08T19:40:00+01:00,
Unlocked,55.98063,-3.17777,2017-05-08T22:05:00+01:00,
Unlocked,55.98063,-3.17777,2017-05-09T12:50:00+01:00,
Unlocked,55.98063,-3.17777,2017-05-09T15:05:00+01:00,
Unlocked,55.98063,-3.17777,2017-05-09T16:50:00+01:00,
Unlocked,55.98063,-3.17777,2017-05-09T18:45:00+01:00,
Unlocked,55.98063,-3.17777,2017-05-09T21:05:00+01:00,
Unlocked,55.98063,-3.17777,2017-05-10T12:15:00+01:00,
Unlocked,55.98063,-3.17777,2017-05-10T15:20:00+01:00,
Unlocked,55.98063,-3.17777,2017-05-10T18:20:00+01:00,
Unlocked,55.98063,-3.17777,2017-05-10T20:20:00+01:00,
Unlocked,55.98063,-3.17777,2017-05-11T13:15:00+01:00,
Unlocked,55.98063,-3.17777,2017-05-11T15:10:00+01:00,
Unlocked,55.98063,-3.17777,2017-05-11T18:10:00+01:00,
Unlocked,55.98063,-3.17777,2017-05-11T19:45:00+01:00,
Unlocked,55.98063,-3.17777,2017-05-11T22:15:00+01:00,
Unlocked,55.95597,-3.18616,2017-05-05T20:15:00+01:00,
Unlocked,55.95597,-3.18616,2017-05-06T11:30:00+01:00,
Unlocked,55.95597,-3.18616,2017-05-06T13:45:00+01:00,
Unlocked,55.95597,-3.18616,2017-05-06T16:05:00+01:00,
Unlocked,55.95597,-3.18616,2017-05-06T19:50:00+01:00,
Unlocked,55.95597,-3.18616,2017-05-06T22:45:00+01:00,
Unlocked,55.95597,-3.18616,2017-05-07T09:50:00+01:00,
Unlocked,55.95597,-3.18616,2017-05-07T12:55:00+01:00,
Unlocked,55.95597,-3.18616,2017-05-07T15:45:00+01:00,
Unlocked,55.95597,-3.18616,2017-05-07T17:45:00+01:00,
Unlocked,55.95597,-3.18616,2017-05-07T19:20:00+01:00,
Unlocked,55.95597,-3.18616,2017-05-08T12:40:00+01:00,
Unlocked,55.95597,-3.18616,2017-05-08T15:05:00+01:00,
Unlocked,55.95597,-3.18616,2017-05-08T18:25:00+01:00,
Unlocked,55.95597,-3.18616,2017-05-08T19:35:00+01:00,
Unlocked,55.95597,-3.18616,2017-05-09T12:00:00+01:00,
Unlocked,55.95597,-3.18616,2017-05-09T15:45:00+01:00,
Unlocked,55.95597,-3.18616,2017-05-09T17:30:00+01:00,
Unlocked,55.95597,-3.18616,2017-05-09T20:20:00+01:00,
Unlocked,55.95597,-3.18616,2017-05-10T13:35:00+01:00,
Unlocked,55.95597,-3.18616,2017-05-10T14:45:00+01:00,
Unlocked,55.95597,-3.18616,2017-05-10T16:05:00+01:00,
Unlocked,55.95597,-3.18616,2017-05-10T18:15:00+01:00,
Unlocked,55.95597,-3.18616,2017-05-10T20:00:00+01:00,
Unlocked,55.95597,-3.18616,2017-05-11T12:45:00+01:00,
Unlocked,55.95597,-3.18616,2017-05-11T15:10:00+01:00,
Unlocked,55.95597,-3.18616,2017-05-11T18:30:00+01:00,
Unlocked,55.95597,-3.18616,2017-05-11T20:25:00+01:00,
Peppa Pig: My First Cinema Experience,55.94137,-3.21798,2017-05-06T10:10:00+01:00,
Peppa Pig: My First Cinema Experience,55.94137,-3.21798,2017-05-06T12:10:00+01:00,
Peppa Pig: My First Cinema Experience,55.94137,-3.21798,2017-05-07T10:10:00+01:00,
Peppa Pig: My First Cinema Experience,55.94137,-3.21798,2017-05-07T12:10:00+01:00,
Peppa Pig: My First Cinema Experience,55.94137,-3.21798,2017-05-08T11:20:00+01:00,
Peppa Pig: My First Cinema Experience,55.94137,-3.21798,2017-05-09T11:20:00+01:00,
Peppa Pig: My First Cinema Experience,55.94137,-3.21798,2017-05-10T11:20:00+01:00,
Peppa Pig: My First Cinema Experience,55.94137,-3.21798,2017-05-11T11:20:00+01:00,
Peppa Pig: My First Cinema Experience,55.98063,-3.17777,2017-05-06T09:45:00+01:00,
Peppa Pig: My First Cinema Experience,55.98063,-3.17777,2017-05-06T12:55:00+01:00,
Peppa Pig: My First Cinema Experience,55.98063,-3.17777,2017-05-07T09:45:00+01:00,
Peppa Pig: My First Cinema Experience,55.98063,-3.17777,2017-05-07T13:00:00+01:00,
Peppa Pig: My First Cinema Experience,55.98063,-3.17777,2017-05-08T11:40:00+01:00,
Peppa Pig: My First Cinema Experience,55.98063,-3.17777,2017-05-10T12:30:00+01:00,
Peppa Pig: My First Cinema Experience,55.95597,-3.18616,2017-05-06T10:25:00+01:00,
Peppa Pig: My First Cinema Experience,55.95597,-3.18616,2017-05-07T09:50:00+01:00,
Peppa Pig: My First Cinema Experience,55.95597,-3.18616,2017-05-07T11:10:00+01:00,
Peppa Pig: My First Cinema Experience,55.95597,-3.18616,2017-05-08T12:20:00+01:00,
Peppa Pig: My First Cinema Experience,55.95597,-3.18616,2017-05-09T12:05:00+01:00,
Peppa Pig: My First Cinema Experience,55.95597,-3.18616,2017-05-11T12:05:00+01:00,
A Dog's Purpose,55.93542,-3.10329,2017-05-05T20:40:00+01:00,
A Dog's Purpose,55.93542,-3.10329,2017-05-06T10:40:00+01:00,
A Dog's Purpose,55.93542,-3.10329,2017-05-06T13:10:00+01:00,
A Dog's Purpose,55.93542,-3.10329,2017-05-06T15:30:00+01:00,
A Dog's Purpose,55.93542,-3.10329,2017-05-06T18:10:00+01:00,
A Dog's Purpose,55.93542,-3.10329,2017-05-06T20:40:00+01:00,
A Dog's Purpose,55.93542,-3.10329,2017-05-07T10:40:00+01:00,
A Dog's Purpose,55.93542,-3.10329,2017-05-07T13:10:00+01:00,
A Dog's Purpose,55.93542,-3.10329,2017-05-07T15:30:00+01:00,
A Dog's Purpose,55.93542,-3.10329,2017-05-07T18:10:00+01:00,
A Dog's Purpose,55.93542,-3.10329,2017-05-07T20:40:00+01:00,
A Dog's Purpose,55.93542,-3.10329,2017-05-08T13:10:00+01:00,
A Dog's Purpose,55.93542,-3.10329,2017-05-08T15:30:00+01:00,
A Dog's Purpose,55.93542,-3.10329,2017-05-08T18:10:00+01:00,
A Dog's Purpose,55.93542,-3.10329,2017-05-08T20:40:00+01:00,
A Dog's Purpose,55.93542,-3.10329,2017-05-09T13:10:00+01:00,
A Dog's Purpose,55.93542,-3.10329,2017-05-09T15:30:00+01:00,
A Dog's Purpose,55.93542,-3.10329,2017-05-09T18:10:00+01:00,
A Dog's Purpose,55.93542,-3.10329,2017-05-09T20:40:00+01:00,
A Dog's Purpose,55.93542,-3.10329,2017-05-10T13:10:00+01:00,
A Dog's Purpose,55.93542,-3.10329,2017-05-10T15:30:00+01:00,
A Dog's Purpose,55.93542,-3.10329,2017-05-10T18:10:00+01:00,
A Dog's Purpose,55.93542,-3.10329,2017-05-10T20:40:00+01:00,
A Dog's Purpose,55.93542,-3.10329,2017-05-11T13:10:00+01:00,
A Dog's Purpose,55.93542,-3.10329,2017-05-11T15:30:00+01:00,
A Dog's Purpose,55.93542,-3.10329,2017-05-11T18:10:00+01:00,
A Dog's Purpose,55.94137,-3.21798,2017-05-05T19:50:00+01:00,
A Dog's Purpose,55.94137,-3.21798,2017-05-06T10:00:00+01:00,
A Dog's Purpose,55.94137,-3.21798,2017-05-06T12:20:00+01:00,
A Dog's Purpose,55.94137,-3.21798,2017-05-06T14:50:00+01:00,
A Dog's Purpose,55.94137,-3.21798,2017-05-06T17:20:00+01:00,
A Dog's Purpose,55.94137,-3.21798,2017-05-06T19:50:00+01:00,
A Dog's Purpose,55.94137,-3.21798,2017-05-07T10:00:00+01:00,
A Dog's Purpose,55.94137,-3.21798,2017-05-07T12:20:00+01:00,
A Dog's Purpose,55.94137,-3.21798,2017-05-07T14:50:00+01:00,
A Dog's Purpose,55.94137,-3.21798,2017-05-07T17:20:00+01:00,
A Dog's Purpose,55.94137,-3.21798,2017-05-07T19:50:00+01:00,
A Dog's Purpose,55.94137,-3.21798,2017-05-08T12:20:00+01:00,
A Dog's Purpose,55.94137,-3.21798,2017-05-08T14:50:00+01:00,
A Dog's Purpose,55.94137,-3.21798,2017-05-08T17:20:00+01:00,
A Dog's Purpose,55.94137,-3.21798,2017-05-08T19:50:00+01:00,
A Dog's Purpose,55.94137,-3.21798,2017-05-09T12:20:00+01:00,
A Dog's Purpose,55.94137,-3.21798,2017-05-09T14:50:00+01:00,
A Dog's Purpose,55.94137,-3.21798,2017-05-09T17:20:00+01:00,
A Dog's Purpose,55.94137,-3.21798,2017-05-09T19:50:00+01:00,
A Dog's Purpose,55.94137,-3.21798,2017-05-10T12:20:00+01:00,
A Dog's Purpose,55.94137,-3.21798,2017-05-10T14:50:00+01:00,
A Dog's Purpose,55.94137,-3.21798,2017-05-10T17:20:00+01:00,
A Dog's Purpose,55.94137,-3.21798,2017-05-10T19:50:00+01:00,
A Dog's Purpose,55.94137,-3.21798,2017-05-11T12:20:00+01:00,
A Dog's Purpose,55.94137,-3.21798,2017-05-11T14:50:00+01:00,
A Dog's Purpose,55.94137,-3.21798,2017-05-11T17:20:00+01:00,
A Dog's Purpose,55.94137,-3.21798,2017-05-11T19:50:00+01:00,
A Dog's Purpose,55.98063,-3.17777,2017-05-05T19:30:00+01:00,
A Dog's Purpose,55.98063,-3.17777,2017-05-06T10:30:00+01:00,
A Dog's Purpose,55.98063,-3.17777,2017-05-06T13:40:00+01:00,
A Dog's Purpose,55.98063,-3.17777,2017-05-06T15:25:00+01:00,
A Dog's Purpose,55.98063,-3.17777,2017-05-06T17:30:00+01:00,
A Dog's Purpose,55.98063,-3.17777,2017-05-06T19:45:00+01:00,
A Dog's Purpose,55.98063,-3.17777,2017-05-07T10:30:00+01:00,
A Dog's Purpose,55.98063,-3.17777,2017-05-07T13:20:00+01:00,
A Dog's Purpose,55.98063,-3.17777,2017-05-07T14:50:00+01:00,
A Dog's Purpose,55.98063,-3.17777,2017-05-07T16:50:00+01:00,
A Dog's Purpose,55.98063,-3.17777,2017-05-08T11:40:00+01:00,
A Dog's Purpose,55.98063,-3.17777,2017-05-08T14:05:00+01:00,
A Dog's Purpose,55.98063,-3.17777,2017-05-08T17:10:00+01:00,
A Dog's Purpose,55.98063,-3.17777,2017-05-08T19:20:00+01:00,
A Dog's Purpose,55.98063,-3.17777,2017-05-09T11:50:00+01:00,
A Dog's Purpose,55.98063,-3.17777,2017-05-09T14:15:00+01:00,
A Dog's Purpose,55.98063,-3.17777,2017-05-09T16:50:00+01:00,
A Dog's Purpose,55.98063,-3.17777,2017-05-09T20:30:00+01:00,
A Dog's Purpose,55.98063,-3.17777,2017-05-10T12:30:00+01:00,
A Dog's Purpose,55.98063,-3.17777,2017-05-10T15:30:00+01:00,
A Dog's Purpose,55.98063,-3.17777,2017-05-10T17:20:00+01:00,
A Dog's Purpose,55.98063,-3.17777,2017-05-11T13:35:00+01:00,
A Dog's Purpose,55.98063,-3.17777,2017-05-11T15:30:00+01:00,
A Dog's Purpose,55.98063,-3.17777,2017-05-11T17:35:00+01:00,
A Dog's Purpose,55.98063,-3.17777,2017-05-11T19:45:00+01:00,
A Dog's Purpose,55.95597,-3.18616,2017-05-05T19:50:00+01:00,
A Dog's Purpose,55.95597,-3.18616,2017-05-06T12:50:00+01:00,
A Dog's Purpose,55.95597,-3.18616,2017-05-06T17:10:00+01:00,
A Dog's Purpose,55.95597,-3.18616,2017-05-06T21:55:00+01:00,
A Dog's Purpose,55.95597,-3.18616,2017-05-07T11:50:00+01:00,
A Dog's Purpose,55.95597,-3.18616,2017-05-07T13:50:00+01:00,
A Dog's Purpose,55.95597,-3.18616,2017-05-07T17:30:00+01:00,
A Dog's Purpose,55.95597,-3.18616,2017-05-07T19:35:00+01:00,
A Dog's Purpose,55.95597,-3.18616,2017-05-08T12:35:00+01:00,
A Dog's Purpose,55.95597,-3.18616,2017-05-08T14:40:00+01:00,
A Dog's Purpose,55.95597,-3.18616,2017-05-08T17:15:00+01:00,
A Dog's Purpose,55.95597,-3.18616,2017-05-09T15:10:00+01:00,
A Dog's Purpose,55.95597,-3.18616,2017-05-09T17:55:00+01:00,
A Dog's Purpose,55.95597,-3.18616,2017-05-09T19:30:00+01:00,
A Dog's Purpose,55.95597,-3.18616,2017-05-10T12:20:00+01:00,
A Dog's Purpose,55.95597,-3.18616,2017-05-10T16:00:00+01:00,
A Dog's Purpose,55.95597,-3.18616,2017-05-10T18:30:00+01:00,
A Dog's Purpose,55.95597,-3.18616,2017-05-10T20:15:00+01:00,
A Dog's Purpose,55.95597,-3.18616,2017-05-11T12:25:00+01:00,
A Dog's Purpose,55.95597,-3.18616,2017-05-11T14:20:00+01:00,
A Dog's Purpose,55.95597,-3.18616,2017-05-11T16:05:00+01:00,
A Dog's Purpose,55.95597,-3.18616,2017-05-11T17:35:00+01:00,
A Dog's Purpose,55.95597,-3.18616,2017-05-11T21:30:00+01:00,
A Dog's Purpose,55.9154,-3.28489,2017-05-05T20:10:00+01:00,
A Dog's Purpose,55.9154,-3.28489,2017-05-06T10:30:00+01:00,
A Dog's Purpose,55.9154,-3.28489,2017-05-06T12:50:00+01:00,
A Dog's Purpose,55.9154,-3.28489,2017-05-06T15:15:00+01:00,
A Dog's Purpose,55.9154,-3.28489,2017-05-06T17:40:00+01:00,
A Dog's Purpose,55.9154,-3.28489,2017-05-06T20:10:00+01:00,
A Dog's Purpose,55.9154,-3.28489,2017-05-07T10:30:00+01:00,
A Dog's Purpose,55.9154,-3.28489,2017-05-07T12:50:00+01:00,
A Dog's Purpose,55.9154,-3.28489,2017-05-07T15:15:00+01:00,
A Dog's Purpose,55.9154,-3.28489,2017-05-07T17:40:00+01:00,
A Dog's Purpose,55.9154,-3.28489,2017-05-07T20:10:00+01:00,
A Dog's Purpose,55.9154,-3.28489,2017-05-08T12:50:00+01:00,
A Dog's Purpose,55.9154,-3.28489,2017-05-08T15:15:00+01:00,
A Dog's Purpose,55.9154,-3.28489,2017-05-08T17:40:00+01:00,
A Dog's Purpose,55.9154,-3.28489,2017-05-08T20:10:00+01:00,
A Dog's Purpose,55.9154,-3.28489,2017-05-09T12:50:00+01:00,
A Dog's Purpose,55.9154,-3.28489,2017-05-09T15:15:00+01:00,
A Dog's Purpose,55.9154,-3.28489,2017-05-09T17:40:00+01:00,
A Dog's Purpose,55.9154,-3.28489,2017-05-09T20:10:00+01:00,
A Dog's Purpose,55.9154,-3.28489,2017-05-10T12:50:00+01:00,
A Dog's Purpose,55.9154,-3.28489,2017-05-10T15:15:00+01:00,
A Dog's Purpose,55.9154,-3.28489,2017-05-10T17:40:00+01:00,
A Dog's Purpose,55.9154,-3.28489,2017-05-10T20:10:00+01:00,
A Dog's Purpose,55.9154,-3.28489,2017-05-11T12:50:00+01:00,
A Dog's Purpose,55.9154,-3.28489,2017-05-11T15:15:00+01:00,
A Dog's Purpose,55.9154,-3.28489,2017-05-11T17:40:00+01:00,
